Category_order,Index,ID,Description,GeneRatio,BgRatio,pvalue,p.adjust,qvalue,geneID,GeneCount,GeneTotal,BgCount,BgTotal,FoldEnrichment,my_summary,significance
1,39,GO:0042119,neutrophil activation,140/2278,465/15971,4.02E-19,2.30E-16,2.01E-16,ENPP4/ALDH3B1/MGST1/MMP25/ALOX5/SERPINB1/RNASET2/CD44/VCL/CYBA/SERPINB3/CNN2/ATP11A/KCNAB2/PLD1/STXBP2/PGM1/PPIE/GSTP1/CD59/B4GALT1/CEACAM6/FTL/LYZ/UNC13D/ADA2/DSP/CYB5R3/PYGB/COTL1/CRISPLD2/CTSH/GSDMD/ASAH1/P2RX1/HSPA8/FOLR3/LTA4H/FRK/TMEM30A/PRDX6/CTSD/IRAG2/VAMP8/CAT/ATP8A1/SERPINB6/C3/SLC44A2/BST2/LGALS3/SNAP25/CHI3L1/GNS/ANXA3/SLC15A4/IQGAP1/SLC2A5/STOM/GSN/ALAD/IL18/LPCAT1/ABR/PDXK/ITGB2/ARPC5/FCGR3B/PTX3/DNASE1L3/CTSB/SYK/B2M/ANPEP/EEF2/RAB31/GAA/CLEC12A/DPP7/ARHGAP45/ANXA2/PSMD13/BCR/SERPINA3/CD55/GM2A/IGF2R/SERPINA1/PSAP/CFD/SIRPA/CD177/DNASE1/CPNE1/PLEKHO2/PECAM1/AOC1/LTF/SLC11A1/GRN/SLC2A3/CTSA/CEACAM1/PKP1/PYGL/CTSZ/CST3/OLFM4/CTSC/VNN1/IL18RAP/QSOX1/PADI2/CREG1/NAPRT/CDA/NFASC/BRI3/C3AR1/LILRB3/TXNDC5/FCGR2B/RAB3D/TNFAIP6/PREX1/TMBIM1/CALML5/PLA2G2A/PNP/HSPA1A/HSP90AA1/PIGR/KRT1/ORMDL3/HBB/SERPINB10/FGL2/S100P/PRSS2/S100A7,140,2278,465,15971,2.110831044,immune,***
1,38,GO:0002443,leukocyte mediated immunity,220/2278,777/15971,1.29E-25,1.34E-22,1.17E-22,ENPP4/ALDH3B1/MGST1/MMP25/ALOX5/SERPINB1/RNASET2/CD44/VCL/CYBA/SERPINB3/CNN2/ATP11A/KCNAB2/WDR1/PLD1/STXBP2/IL4R/PGM1/RIF1/PPIE/GSTP1/CD59/B4GALT1/CEACAM6/FTL/LYZ/UNC13D/ADA2/DSP/CYB5R3/PYGB/JAG1/COTL1/CRISPLD2/CTSH/GSDMD/ASAH1/LILRB1/P2RX1/HSPA8/FOLR3/CBL/LTA4H/FRK/TMEM30A/C7/BCL6/IL1R1/PRDX6/CTSD/IRAG2/VAMP8/CLU/CAT/C4BPA/ATP8A1/SERPINB6/C3/ADGRE2/SLC44A2/NECTIN2/BST2/RFTN1/LGALS3/SNAP25/CHI3L1/GNS/BLK/ANXA3/SLC15A4/IQGAP1/SLC2A5/CPLX2/STOM/GSN/ALAD/IL18/LPCAT1/SPON2/ABR/PDXK/ITGB2/AZGP1/ARPC5/FCGR3B/PTX3/DNASE1L3/CTSB/SYK/B2M/ANPEP/NOD2/EEF2/RAB31/IL7R/LGALS9/SERPINB9/GAA/CLEC12A/DPP7/ARHGAP45/ANXA2/CADM1/PSMD13/BTN3A2/BCR/SERPINA3/CD55/GM2A/IGF2R/SERPINA1/PSAP/CFD/SIRPA/MICA/CD177/IGKC/IGHG2/IGHA1/IGHG1/IGHG3/IGHD/IGHM/IGHV1-3/IGHV3-49/IGHV5-51/EMP2/DNASE1/CPNE1/C4B/PLEKHO2/PECAM1/IGLV2-8/AOC1/LTF/SLC11A1/GRN/SLC2A3/CTSA/TFRC/CEACAM1/PKP1/PYGL/CTSZ/CST3/OLFM4/FCER2/CTSC/VNN1/IL18R1/IL18RAP/QSOX1/PADI2/CD46/CREG1/NAPRT/CDA/ACE/NFASC/BRI3/C3AR1/IRF7/LILRB3/IGKV4-1/IGLV6-57/IGLV3-25/IGLV3-21/IGLV2-14/TXNDC5/IGKV2-30/IGKV1-5/CLEC12B/CCL3/GAB2/FCGR2B/RAB3D/TNFAIP6/TMBIM1/RAET1E/CALML5/PNP/HSPA1A/IGLV1-51/IGHV4-39/HSP90AA1/ULBP1/PIGR/KRT1/ORMDL3/NPPA/RAET1G/IGHV3-53/IGHV1-69/KLRK1/HBB/IGHV1-69D/IGHA2/IGHV3-7/SERPINB10/IGLC1/FGL2/IGLV1-47/IGHV3-33/S100P/IGLV2-23/PRSS2/IGHV3-21/IGLC6/IGHV1-24/IGHV3-15/IGHG4/IGHV1-18/IGKV5-2/IGLC7/IGHV1-58/IGHV4-61/IGHV3-64/IGKV1-16/S100A7,220,2278,777,15971,1.985089316,immune,***
1,37,GO:0002250,adaptive immune response,108/2278,450/15971,1.72E-08,1.11E-06,9.67E-07,TMEM98/CD79B/CD4/BTN3A1/IL4R/RIF1/UNC13D/JAG1/CTSH/FGL1/LILRB1/C7/BCL6/IL1R1/CLU/PTK2B/C4BPA/IRF1/C3/NECTIN2/RFTN1/ANXA1/IRF4/SIGLEC10/IL18/MCOLN2/AZGP1/ERAP1/ERAP2/SYK/PRKCB/B2M/IL7R/ALCAM/BTN3A2/CD55/TAP2/MICB/MICA/IGKC/IGLV10-54/IGLV7-46/IGLV5-45/IGHG2/IGHA1/IGHG1/IGHG3/IGHD/IGHM/IGHV1-3/IGHV3-49/IGHV5-51/EMP2/C4B/IGKV1-9/TRAC/IGLV2-8/SLC11A1/TFRC/CEACAM1/FCER2/CTSC/IL1RL1/IL18R1/IL18RAP/CD46/JAM3/IRF7/LILRB3/IGKV4-1/IGLV6-57/IGLV3-25/IGLV3-21/IGLV2-14/IGKV1-6/IGKV2-30/IGKV1-5/FCGR2B/TNFRSF14/IGLV1-51/IGHV4-39/IL6ST/FGB/IGHV3-53/IGHV1-69/KLRK1/IGKV1-27/IGHV1-69D/IGHA2/IGHV3-7/IGLC1/FGL2/IGLV1-47/IGHV3-33/IGLV2-23/IGLV3-10/IGHV3-21/IGLC6/IGHV1-24/IGHV3-15/IGHG4/IGHV1-18/IGKV5-2/IGLC7/IGHV1-58/IGHV4-61/IGHV3-64/IGKV1-16,108,2278,450,15971,1.682633889,immune,***
1,36,GO:0045087,innate immune response,172/2278,785/15971,1.97E-09,1.54E-07,1.35E-07,CFH/MARCO/RNASET2/CD44/CYBA/STXBP2/OAS1/NLRP1/UNC13D/TTLL12/GSDMD/LILRB1/RARRES2/CCL2/FRK/C7/WNT5A/GBP3/MUC5B/CLU/PTK2B/C4BPA/IRF1/C3/MASP1/PLA2G5/NECTIN2/BST2/LGALS3/TRIM5/TRIM22/SFTPD/ANXA1/FLNB/BLK/IL36RN/IRF4/RAB20/NLRC5/IRF8/IFITM3/SIGLEC10/MUC4/GSN/IL18/MCOLN2/SLA/LRP8/IL34/MX1/COLEC12/RNF166/IFNGR2/SPON2/ZYX/SIGLEC16/CXCL16/CLDN1/PTX3/ERAP1/DEFB1/SYK/B2M/NOD2/WFDC12/LGALS9/RNASE6/SERPINB9/ISG20/SAA1/A2M/MUC20/CDC42EP4/APOBEC3B/SSC5D/CADM1/ACTG1/IFITM2/MUC1/PSMD13/KRT16/ISG15/DMBT1/CD55/EVL/DAPK1/ADARB1/CFD/SIRPA/MICA/TRIM31/RNF39/CD177/IGKC/IGHG2/IGHA1/IGHG1/IGHG3/IGHD/IGHM/IGHV1-3/IGHV3-49/IGHV5-51/IFI30/C4B/TTC4/LTF/SLC11A1/NLRP2/VIM/GRN/CEACAM1/OAS3/VNN1/IL18RAP/CD46/APOE/PADI4/PSMB4/S100B/GPER1/MUC7/PARP14/IFNLR1/IRF7/CLEC12B/CCL3/FCGR2B/WFDC2/GAPDH/COLEC11/APPL2/TIFA/TNFRSF14/PGLYRP4/IFI16/RAET1E/MFAP4/IGHV4-39/ULBP1/KRT1/FGB/MUCL1/RAET1G/IGHV3-53/IGHV1-69/KLRK1/CCL15/CCL3L1/CCL14/IGHV1-69D/TAB2/PI3/IGHA2/IGHV3-7/STAT2/IGLC1/MT2A/MUC3A/MUC21/IGHV3-33/IGHV3-21/IGLC6/IGHV1-24/IGHV3-15/IGHG4/IGHV1-18/IGLC7/IGHV1-58/IGHV4-61/IGHV3-64/S100A7,172,2278,785,15971,1.536162574,immune,***
2,35,GO:0050865,regulation of cell activation,122/2278,553/15971,3.21E-07,1.65E-05,1.44E-05,CYP26B1/SLC7A2/CD4/CD22/STXBP2/IL4R/GPR137B/CST7/RIF1/UNC13D/FBXO7/SFRP1/FGL1/LILRB1/CAV1/MAP3K8/CCL2/PRKAR1A/RIPOR2/PDGFRB/BCL6/WNT5A/PLEK/CNR1/VAMP8/GPAM/PCK1/CDKN1A/IRF1/ADGRE2/TWSG1/NECTIN2/LGALS3/SFTPD/SPINK5/ANXA1/GPNMB/BLK/IRF4/LRRC32/THBS1/PDE5A/GSN/IL18/DLG5/ZFP36L2/MERTK/ABR/ITGB2/PDPN/SYK/NOD2/CCDC88B/IL7R/LGALS9/LGALS9C/ABAT/GAS6/BCR/LRRK2/CD55/SIRPA/MICA/CD177/IGKC/IGHG2/IGHA1/IGHG1/IGHG3/IGHD/IGHM/IGHV1-3/IGHV3-49/IGHV5-51/GRN/TFRC/CEACAM1/DOCK8/VSIR/ALOX12/CTSC/VNN1/IL1RL1/CD46/SDC4/APOE/THY1/F11R/GPER1/MYO18A/CD24/CCL3/GAB2/FCGR2B/TNFRSF14/DMTN/C1QTNF1/PLA2G2A/PNP/IGHV4-39/IL6ST/NPPA/THBD/IGHV3-53/IGHV1-69/KLRK1/IGHV1-69D/IGHA2/IGHV3-7/IGLC1/FGL2/IGHV3-33/IGHV3-21/IGLC6/IGHV1-24/IGHV3-15/IGHG4/IGHV1-18/IGLC7/IGHV1-58/IGHV4-61/IGHV3-64,122,2278,553,15971,1.546724944,cellular response,***
2,34,GO:0006952,defense response,305/2278,1444/15971,6.91E-14,1.25E-11,1.10E-11,CFH/CYP26B1/SLC7A2/MMP25/IL32/CD4/ALOX5/ATP1A2/MARCO/RNASET2/CD44/CYBA/ITIH4/IL17RB/SBNO2/HDAC4/MGLL/STXBP2/IL4R/CST7/LXN/GSTP1/B4GALT1/OAS1/LYZ/TF/NLRP1/UNC13D/PGC/TTLL12/NFKBIA/ABHD12/PARP4/WFDC1/COTL1/CCN4/GSDMD/LILRB1/PLA2G4C/SERPINE1/RARRES2/CXCL12/LIPA/P2RX1/CCL2/FRK/C7/BCL6/WNT5A/FN1/GNLY/IL1R1/GBP3/F3/MUC5B/CNR1/VAMP8/SPP1/GPAM/CLU/PTK2B/C4BPA/PTGIS/IRF1/C3/MASP1/PLA2G5/ADGRE2/APOL2/NECTIN2/BST2/LSP1/LGALS3/TRIM5/TRIM22/SERPINF1/CHI3L1/SFTPD/SPINK5/SAA2/ANXA1/NT5E/AGT/FLNB/BLK/IL36RN/CCN3/IRF4/THBS1/ANXA3/RAB20/NLRC5/IRF8/IFITM3/SIGLEC10/ECM1/REG3G/GPR17/MUC4/GSN/MMP3/IL18/MCOLN2/SLFN13/SLA/RPL30/LRP8/IL34/MX1/COLEC12/RNF166/IFNGR2/SCUBE1/SPON2/ZYX/ABR/ITGB2/SIGLEC16/CXCL16/CLDN1/PTX3/DNASE1L3/ITGA2/ERAP1/DEFB1/SYK/B2M/SMAD3/NOD2/GPX4/SERPINF2/CCDC88B/PXK/WFDC12/LGALS9/KLK7/RNASE6/SERPINB9/ISG20/IL16/SAA1/A2M/BNIP3/METRNL/MUC20/CDC42EP4/APOBEC3B/SSC5D/F2R/BACE2/NPLOC4/CADM1/CAMK1D/ACTG1/SIGIRR/IFITM2/MUC1/PSMD13/BCR/KRT16/FPR3/ISG15/DMBT1/LRRK2/SERPINA3/CD55/EVL/DAPK1/SERPINA1/ADARB1/CFD/SIRPA/TGM2/MICB/MICA/TRIM31/RNF39/CD177/IGKC/IGHG2/IGHA1/IGHG1/IGHG3/IGHD/IGHM/IGHV1-3/IGHV3-49/IGHV5-51/DNASE1/IFI30/C4B/PLA2G4B/TTC4/NEAT1/LTF/SLC11A1/NLRP2/VIM/GRN/POLB/GSDMB/CEACAM1/GGT1/CST3/CTSC/OAS3/VNN1/IL1RL1/IL18R1/IL18RAP/LGALS8/CD46/APOE/CHIA/IL1RN/DUOX1/HSPG2/CRHBP/F11R/PADI4/PSMB4/S100B/GPER1/JAM3/MUC7/C3AR1/CYP4F11/PARP14/LPL/IFNLR1/IRF7/MAPT/C10orf99/APOD/S100A14/LILRB3/GPX1/CLEC12B/CCL3/FCGR2B/PTGS1/WFDC2/ACP5/NOP53/GAPDH/COLEC11/TNFAIP6/APPL2/DUOX2/TIFA/TNFRSF14/PGLYRP4/IFI16/RAET1E/MFAP4/ZG16/PLA2G2A/IGHV4-39/OPRK1/ULBP1/IL6ST/KRT1/CXCL11/FABP4/FGB/MUCL1/NPPA/CTNNBIP1/RAET1G/IGHV3-53/IGHV1-69/KLRK1/CCL15/CCL3L1/CCL14/IGHV1-69D/PENK/KRT6A/TAB2/PI3/DDIT4/IGHA2/IGHV3-7/SHC1/STAT2/IGLC1/HPR/MT2A/FGL2/GJA1/MUC3A/MUC21/IGHV3-33/PRDX5/IGHV3-21/IGLC6/IGHV1-24/IGHV3-15/IGHG4/IGHV1-18/IGLC7/IGHV1-58/IGHV4-61/IGHV3-64/S100A7,305,2278,1444,15971,1.480849885,cellular response,***
2,33,GO:0006954,inflammatory response,138/2278,655/15971,8.84E-07,4.28E-05,3.74E-05,CYP26B1/SLC7A2/MMP25/ALOX5/CD44/CYBA/ITIH4/IL17RB/SBNO2/HDAC4/MGLL/IL4R/CST7/LXN/GSTP1/B4GALT1/LYZ/NLRP1/UNC13D/NFKBIA/ABHD12/PARP4/WFDC1/CCN4/GSDMD/PLA2G4C/SERPINE1/RARRES2/LIPA/P2RX1/CCL2/BCL6/WNT5A/FN1/IL1R1/F3/CNR1/VAMP8/SPP1/CLU/PTGIS/C3/ADGRE2/APOL2/SERPINF1/CHI3L1/SAA2/ANXA1/NT5E/AGT/IL36RN/CCN3/THBS1/SIGLEC10/ECM1/REG3G/GPR17/MMP3/IL18/IL34/SCUBE1/ZYX/ABR/ITGB2/PTX3/DNASE1L3/ITGA2/SYK/SMAD3/NOD2/GPX4/SERPINF2/PXK/LGALS9/IL16/SAA1/METRNL/F2R/BACE2/CAMK1D/SIGIRR/BCR/KRT16/FPR3/LRRK2/SERPINA3/SERPINA1/SIRPA/TGM2/DNASE1/C4B/PLA2G4B/NEAT1/SLC11A1/NLRP2/GRN/POLB/GGT1/CTSC/VNN1/IL1RL1/IL18R1/IL18RAP/APOE/CHIA/IL1RN/HSPG2/CRHBP/F11R/PSMB4/GPER1/JAM3/C3AR1/CYP4F11/LPL/MAPT/APOD/GPX1/CCL3/FCGR2B/PTGS1/ACP5/TNFAIP6/APPL2/IFI16/PLA2G2A/IL6ST/KRT1/CXCL11/FABP4/NPPA/CTNNBIP1/CCL15/CCL3L1/CCL14/HPR/GJA1/PRDX5,138,2278,655,15971,1.477121353,cellular response,***
3,32,GO:0070268,cornification,40/2278,98/15971,1.06E-10,1.03E-08,8.95E-09,CYP26B1/DSP/KRT23/PERP/SPINK5/CERS3/LCE3D/SPRR3/SPRR2D/SPRR1B/SPRR1A/KRT8/KRT86/KRT4/KRT72/KRT19/KRT15/KRT13/KRT5/KRT16/KRT14/KAZN/LIPN/CDSN/PKP1/PPL/CSTA/KRT7/KRT10/FLG/KRT24/KRT6C/KLK12/IVL/KRT1/KRT6A/PI3/KRT83/KRT6B/KRT2,40,2278,98,15971,2.861622261,cell death,***
3,31,GO:0001906,cell killing,40/2278,132/15971,1.62E-06,7.40E-05,6.46E-05,CFH/STXBP2/CD59/LYZ/UNC13D/CTSH/LILRB1/GNLY/C3/NECTIN2/REG3G/IL18/RPL30/AZGP1/DNASE1L3/SYK/B2M/IL7R/LGALS9/SERPINB9/CADM1/CD55/MICA/EMP2/DNASE1/LTF/CEACAM1/FCER2/CTSC/IL18RAP/MUC7/CLEC12B/FCGR2B/GAPDH/PGLYRP4/RAET1E/ULBP1/RAET1G/KLRK1/KRT6A,40,2278,132,15971,2.124537739,cell death,***
3,30,GO:0012501,programmed cell death,334/2278,1842/15971,5.47E-07,2.73E-05,2.38E-05,CYP26B1/CFLAR/PDK4/SCIN/FAS/CD44/DAPK2/HERPUD1/CYFIP2/USP36/YBX3/NCKAP1/CASP8/NGFR/EYA2/NGEF/HDAC4/LIMS2/ATP2A3/GRAMD4/STK17B/GSTP1/B4GALT1/CEACAM6/CDIP1/MAEA/NLRP1/DSP/NRP1/CDC34/GADD45B/TIMP3/TSPO/ITPK1/NFKBIA/BMP7/BIRC7/EEF1A2/TRIB3/RASSF2/STK24/RGCC/CTSH/SFRP1/NDRG1/GSDMD/TLE5/LILRB1/GSDME/CAV1/MET/SERPINE1/SFRP4/PRUNE2/CXCL12/KRT23/P2RX1/CCL2/CRYAB/CBL/TPD52L1/SOD2/PERP/VEGFA/PDGFRB/BCL6/WNT5A/STEAP3/FHL2/DHCR24/IVNS1ABP/MFN2/F3/CTSD/CNR1/PTPA/GPAM/CLU/PTK2B/ADRA1A/CAT/SRGN/PDE1B/PTGIS/HIF3A/CDKN1A/IRF1/PAX8/MCF2L/TRAP1/HIP1/POR/ATF4/ALDH1A2/EGLN3/ACTN4/OLFM1/ATP5IF1/AKAP12/LGALS3/CASP9/CHI3L1/SPINK5/LDHA/ANXA1/MICAL1/AGT/ITM2C/BLK/BIN1/RPS6/RNF144B/MTCH1/SULF1/THBS1/CARD14/ADAMTSL4/RHOB/ARL6IP5/USP53/SFRP2/PLK2/GSN/ANKRD1/DOCK1/DLG5/BAG3/CAST/MERTK/RETREG1/CERS3/OBSCN/DEPTOR/KCNMA1/LRP8/MX1/BTG2/HK2/ABR/KALRN/ITGB2/DIP2A/SQSTM1/PDPN/CAPN2/FRZB/LCE3D/SPRR3/SPRR2D/DAPL1/ALB/DNASE1L3/HPGD/CITED2/STK17A/CTSB/SYK/CASP7/PRKCB/HSP90B1/SMAD3/NOD2/GPX4/ING5/IL7R/LGALS9/COL4A3/ATF5/SPRR1B/SPRR1A/PDCD6IP/KRT8/KRT86/KRT4/KRT72/SERPINB9/AKAP13/KRT19/KRT15/KRT13/PLEKHG5/CFL1/NDNF/NET1/PHLDA3/BTC/BNIP3/CIDEA/RNF152/ALOX15B/HCLS1/F2R/COL18A1/CADM1/CAMK1D/GAS6/PTTG1IP/ALDH1A3/SIVA1/CIB1/MUC1/P4HB/PRAME/TRIM69/KRT5/KRT16/KRT14/PTMA/SEMA4D/LRRK2/KAZN/AKR1C3/DAPK1/ANXA6/IGF2R/KANK2/ADARB1/LPAR1/PIM3/ALPK2/TGM2/LIPN/CDSN/DNASE1/ITGA1/AQP1/TNFRSF6B/CRLF1/LTF/NLRP2/GRN/CTNNA1/TRAF1/POLB/TFRC/GSDMB/ACTN2/PKP1/PYGL/LGMN/CTSZ/CST3/COMP/DOCK8/PPIF/ALOX12/WFS1/CTSC/VNN1/TP53I3/PPL/DUSP1/CSTA/TNFSF10/NQO2/APOE/NES/CHIA/ESPL1/KRT7/CYP1B1/TMBIM6/ARHGEF19/RALB/ACKR3/TIAM2/IGFBP3/APIP/UBC/FLCN/S100B/ANXA5/TNFRSF11B/GPER1/GREM1/ANGPTL4/UMODL1/KREMEN1/FAM3B/IRF7/KRT10/MAPT/S100A14/MYO18A/SERPINB2/CRIP1/UBA52/GPX1/TXNDC5/ACTN3/TXNIP/CD24/NEFL/CCL3/MKNK2/NOP53/GAPDH/COLEC11/PREX1/PPT1/TMBIM1/FLG/IFI16/ANKRD2/KRT24/EFNA1/KRT6C/KLK12/H1-0/SPG7/HSPA1A/PPP1R15A/DHRS2/G0S2/ID1/ARHGEF16/IL6ST/IVL/KRT1/FGB/HSPB6/GML/IER3/KRT6A/PI3/DDIT4/SHC1/NTSR1/GJA1/PRDX5/KRT83/MYDGF/KRT6B/KRT2,334,2278,1842,15971,1.271262484,cell death,***
4,29,GO:0035987,endodermal cell differentiation,14/2278,44/15971,0.002374101,0.035954258,0.03138215,ITGB5/MMP2/LAMB1/FN1/COL5A1/COL4A2/ITGA7/COL6A1/COL8A1/ITGB2/LAMB3/POU5F1/LAMA3/COL5A2,14,2278,44,15971,2.230764626,cell differentiation,*
4,28,GO:0042692,muscle cell differentiation,84/2278,333/15971,6.73E-08,3.83E-06,3.34E-06,CYP26B1/CFLAR/IFRD1/CDON/HDAC4/WDR1/SPEG/IL4R/MYH9/OLFM2/CAV2/PRKAR1A/MYH3/RIPOR2/SOD2/VEGFA/PDGFRB/TANC1/SMYD1/FHL2/CASQ2/ADRA1A/POPDC2/LDB3/OBSL1/GDF15/TNNT3/SYNE1/MYH11/PTGFRN/AGT/CAPN9/ALPK3/BIN1/CCN3/MYOF/BOC/ANKRD1/OBSCN/SORBS2/SELENON/CAPN2/PDLIM5/LMOD1/PI16/AVPR1A/KRT8/AKAP13/KRT19/CAV3/NEB/ACTG1/SMYD3/CACNA1H/MYH6/NRAP/DDX39B/ALPK2/CTNNA1/CTDP1/ACTN2/COMP/IGFBP5/RGS2/TNNT2/TMEM204/TPM1/SYPL2/NRG1/CSRP1/GPER1/SYNPO2L/GREM1/NPNT/TCAP/GPX1/ITGA8/CBY1/FLNC/ANKRD2/ACTA1/NPPA/TNNT1/MYL2,84,2278,333,15971,1.768534118,cell differentiation,***
4,27,GO:0030855,epithelial cell differentiation,133/2278,620/15971,5.00E-07,2.53E-05,2.21E-05,CYP26B1/USH1C/PROM1/VCL/MCOLN3/FAT1/B4GALT1/WHRN/DSP/NRP1/BMP7/JAG1/ASAH1/CAV1/MET/SERPINE1/SFRP4/AGR2/KRT23/RIPOR2/PERP/VEGFA/WNT5A/ERRFI1/TJP2/PCK1/CDKN1A/PAX8/TGM3/ATF4/PALLD/AFDN/LGALS3/SPINK5/GRHL1/ANXA1/FLNB/IQGAP1/ADAMTSL4/GDF7/REG3G/SIDT2/TAGLN/DLG5/AKR1C2/CERS3/SCUBE1/PDPN/FRZB/LCE3D/SPRR3/SPRR2D/CLDN1/ITGA2/DACT2/CTSB/AQP3/SMAD3/FN3K/SPINT2/SPRR1B/SPRR1A/FASN/KRT8/KRT86/KRT4/KRT72/MTSS1/KRT19/KRT15/KRT13/SULT1B1/FAM20C/PSAPL1/ALOX15B/MYADM/COL18A1/MAFF/KRT5/BCR/KRT16/KRT14/AKR1C1/COL4A1/DMBT1/KAZN/AKR1C3/PSAP/LIPN/COL15A1/CDSN/GSTA1/PECAM1/VIM/CEACAM1/PKP1/SH3BP1/CST3/PPL/CSTA/KLF2/KRT7/NRG1/F11R/GREM1/TYMS/KRT10/CES1/LBH/GPX1/TXNIP/CD24/TMEM38B/GSTM3/FLG/KRT24/KRT6C/KLK12/ID1/IL6ST/IVL/KRT1/GSTA2/KRT6A/UPK1A/PI3/BARX1/DHRS9/KRT83/KRT6B/LCE3E/KRT2/S100A7,133,2278,620,15971,1.503967119,cell differentiation,***
4,26,GO:0042127,regulation of cell population proliferation,260/2278,1444/15971,1.99E-05,0.000694068,0.000605807,CFLAR/SKAP2/SCIN/CD4/CD22/ALOX5/MYO16/TNC/CYBA/SERPINB3/NGFR/CDON/GLP2R/ROGDI/HDAC4/LIMS2/SPEG/IL4R/FBLN1/GSTP1/B4GALT1/CEACAM6/MMP2/P3H2/LAMB1/COMT/NRP1/TSPO/NFKBIA/SGK2/BMP7/TCFL5/BIRC7/CDC25B/JAG1/RGCC/WFDC1/CTSH/SFRP1/CCN4/NDRG1/LILRB1/GSDME/CAV2/CAV1/VIPR2/SFRP4/OGN/CXCL12/CCL2/PRKAR1A/PMP22/FRK/SOD2/VEGFA/SPARC/THBS4/NPR3/FGF1/LIFR/PDGFRB/BCL6/KAT2B/WNT5A/FN1/DHCR24/ERRFI1/MFN2/F3/NRP2/RARRES1/ECRG4/GPAM/CLU/PTK2B/ADRA1A/CDKN1A/ABCC4/IRF1/FGFRL1/POR/TWSG1/ALDH1A2/EGLN3/BST2/JUND/LAMA5/ATP5IF1/LGALS3/SERPINF1/PEMT/SFTPD/ANXA1/TES/CD164/AGT/LAMC1/TNS3/GPNMB/BLK/CCN3/LRRC32/SULF1/THBS1/PDE5A/WARS1/CDH13/GAS8/RPTOR/ECM1/REG3G/SFRP2/EPHA1/IL18/DLG5/AKR1C2/DDAH1/ADAMTS1/KLF10/SLA/IL34/LDLRAP1/BTG2/TFF1/JAML/AZGP1/PDPN/FRZB/CLDN1/IGFBP7/SPDYA/HPGD/ITGA2/CDCA7L/SYK/WNK2/NDRG2/AVPR1A/B2M/SMAD3/NOD2/SPINT2/SERPINF2/CCDC88B/ING5/IL7R/LGALS9/COL4A3/ATF5/FABP6/KRT4/MTSS1/RPS9/PDGFD/MCC/LGALS9C/ID4/DHCR7/HPSE2/BTC/TP53I11/FUT2/ALOX15B/HCLS1/F2R/CAV3/ANXA2/COL18A1/GAS6/TACSTD2/CIB1/PRAME/MST1L/LRRK2/AKR1C3/CD55/SULF2/KANK2/ADARB1/DDX39B/TGM2/DDR1/TBC1D8/HMGN1/EMP2/ITGA1/TAX1BP3/AQP1/NEAT1/CRLF1/LTF/GRN/CTNNA1/TFRC/CEACAM1/TESC/LGMN/CTSZ/CST3/NDRG4/COMP/VSIR/ALOX12/REG1A/IGFBP5/CD46/DUSP1/SDC4/NQO2/APOE/NES/GLUL/CYP1B1/TPM1/DPT/IGFBP3/FLCN/EPHB1/NRG1/ACE/S100B/FGFR4/GPER1/JCAD/GREM1/WDR6/IFNLR1/APOD/SERPINB5/LBH/GPX1/TXNIP/CD24/GAB2/LAMC2/FCGR2B/PTGS1/GTPBP4/APPL2/TNFRSF14/ANKRD2/PODN/MAPK15/PNP/HSPA1A/DHRS2/ID1/IL6ST/CXCL11/CTNNBIP1/CCL3L1/CCL14/GML/HILPDA/KRT6A/SHC1/STAT2/MLXIPL/GJA1/MYDGF,260,2278,1444,15971,1.262363837,cell proliferation,***
5,25,GO:0001525,angiogenesis,113/2278,473/15971,1.05E-08,7.06E-07,6.16E-07,ALOX5/TYMP/NGFR/MCAM/B4GALT1/MMP2/NRP1/MYH9/JAG1/RGCC/CTSH/SFRP1/CAV1/SERPINE1/CCL2/SMOC2/VEGFA/SPARC/THBS4/FGF1/PDGFRB/WNT5A/FN1/F3/NRP2/PTK2B/PTGIS/HIF3A/C3/ARHGAP22/ATP5IF1/SERPINF1/CHI3L1/SPINK5/LOXL2/COL4A2/ANXA1/AGT/EGLN1/GPNMB/ENPP2/CCN3/SULF1/THBS1/ANXA3/WARS1/MFGE8/CDH13/ECM1/RHOB/COL8A1/SFRP2/PLK2/EPHA1/IL18/DDAH1/ADAMTS1/HK2/ITGB2/ADAMTS9/ERAP1/SYK/PRKCB/ANPEP/COL4A3/NDNF/RNF213/ANXA2/COL18A1/CCBE1/ACTG1/CIB1/THBS2/COL4A1/COL15A1/EMP2/AQP1/PECAM1/GTF2I/PLXND1/RNH1/GRN/CEACAM1/TGFBI/RAMP3/KLF2/GLUL/CYP1B1/HSPG2/ACKR3/THY1/EPHB1/S100A1/PLXDC1/JCAD/JAM3/GREM1/ANGPTL4/C3AR1/APOD/GPX1/EFNA1/TSPAN12/ID1/KRT1/ANGPTL7/HSPB6/NAXE/TNFAIP2/SHC1/DCN/MYDGF/S100A7,113,2278,473,15971,1.674926264,development,***
5,24,GO:0009888,tissue development,364/2278,1761/15971,4.49E-15,1.07E-12,9.34E-13,CYP26B1/CFLAR/USH1C/IFRD1/SCIN/PROM1/ALOX5/CD44/VCL/NSUN2/TNC/LAMC3/MCOLN3/SERPINB3/YBX3/GPC1/ATP2C2/NGFR/CDON/EYA2/SBNO2/HDAC4/WDR1/NTN4/CELSR1/ITGB5/FAT1/B4GALT1/MMP2/GNAS/FKBP1A/LAMB1/MYH7/WHRN/DSP/NRP1/ITPK1/BMP7/JAG1/SGCG/RGCC/CTSH/SFRP1/CCN4/SLC39A14/ASAH1/MYH14/CAV2/CAV1/MET/SERPINE1/SFRP4/AGR2/KRT23/ENO3/PRKAR1A/FAM20A/MGP/STX2/RIPOR2/PERP/VEGFA/FGF1/PDGFRB/WNT5A/EFEMP1/FN1/SMYD1/FHL2/EPHA4/DHCR24/ERRFI1/WLS/NRP2/SPP1/TJP2/SNX19/PTK2B/ADRA1A/POPDC2/CAT/SRGN/OBSL1/PTGIS/PCK1/CDKN1A/PAX8/GPCPD1/TGM3/POR/ATF4/TWSG1/ALDH1A2/PALLD/AFDN/OLFM1/COL5A1/LAMA5/LGALS3/CHI3L1/LGR6/POSTN/MYH11/SPINK5/MICAL2/LOXL2/PTGFRN/GRHL1/EMP1/COL4A2/ANXA1/ITGA7/AGT/EGLN1/LAMC1/FLNB/GPNMB/ADAMTS7/ALPK3/CCN3/SULF1/FRAS1/FBN2/IQGAP1/CCDC40/COL6A1/RCN3/CELSR2/ECM1/ADAMTSL4/GDF7/RHOB/REG3G/COL8A1/PHLDB2/SFRP2/CSGALNACT1/GSN/ANKRD1/SERPINH1/SIDT2/TAGLN/JPH2/DLG5/AKR1C2/DNAAF1/CERS3/SORBS2/APCDD1/KLF10/ETS2/SCUBE1/BTG2/ITGB2/MYL3/SELENON/PDPN/ALPL/PKDCC/FRZB/ACTG2/PDLIM5/LCE3D/SPRR3/SPRR2D/CLDN1/ADAMTS9/CLEC3B/ITGA2/CITED2/DACT2/PI16/CTSB/SVEP1/AQP3/SMAD3/FN3K/SPINT2/EEF2/KLK7/SPRR1B/SPRR1A/FASN/KRT8/KRT86/KRT4/KRT72/AKAP13/MTSS1/PDGFD/GAA/KRT19/KRT15/KRT13/ID4/BSG/CFL1/SULT1B1/HOXB2/SH3PXD2B/MTHFR/CD151/FAM20C/PSAPL1/RFLNA/ALOX15B/MYADM/GET1/CAV3/COL18A1/GAS6/NEB/GPC6/ACTG1/ALDH1A3/TACSTD2/MAFF/SEMA4B/PSMD13/KRT5/MST1L/BCR/KRT16/KRT14/AKR1C1/COL4A1/GJA4/ISG15/SEMA4D/DMBT1/KAZN/AKR1C3/SULF2/PLXNB2/COL27A1/LAMB3/ANXA6/KANK2/SVIL/ADARB1/MYH6/PSAP/ADAMTSL2/NRAP/DDX39B/ALPK2/TGM2/LIPN/COL15A1/POU5F1/CDSN/DDR1/GSTA1/FMN1/PECAM1/PLXND1/CRLF1/PKD1/LTF/VIM/LAMA3/CTDP1/DGAT2/ACTN2/CEACAM1/PKP1/SH3BP1/CTSZ/CST3/MYOM1/NDRG4/COMP/MEGF9/ZFAND5/COL1A1/SGCA/ALOX12/IGFBP5/RGS2/TNNT2/PPL/DUSP1/TGFBI/CSTA/SDC4/KLF2/NINJ1/KRT7/CYP1B1/TPM1/ARHGEF19/HSPG2/SEMA6C/FLCN/EPHB1/NRG1/F11R/CSRP1/PSMB4/S100B/GJB2/GREM1/KLK4/NPNT/TCAP/TYMS/UMODL1/KRT10/AGRN/APOD/CES1/COL5A2/SERPINB5/CRIP1/LBH/GPX1/ACTN3/TXNIP/CD24/CCL3/LAMC2/ITGA8/TULP3/TMEM38B/CBY1/FAM83D/CA2/LFNG/GSTM3/DUSP5/FLG/TPPP3/ANKRD2/KRT24/EFNA1/KRT6C/CALML5/RFLNB/KLK12/ACTB/ID1/IL6ST/ACTA1/IVL/KRT1/NPPA/CTNNBIP1/GSTA2/KRT6A/UPK1A/PI3/S100A4/DCN/BARX1/GJA1/DHRS9/MYL2/KRT83/XIRP2/KRT6B/C1orf68/LCE3E/KRT2/S100A7,364,2278,1761,15971,1.449173613,development,***
6,23,GO:0001894,tissue homeostasis,61/2278,235/15971,1.49E-06,6.92E-05,6.04E-05,PDK4/USH1C/PROM1/VCL/CLDN18/GPR137B/GNAS/LYZ/TF/WHRN/CTSH/SLC1A1/CDH23/LIPA/VEGFA/PDGFRB/SPP1/TJP2/PTK2B/NPHP4/SFTPD/LAMC1/SLC39A8/RCN3/MUC4/CDHR1/LPCAT1/TFF1/AZGP1/CLDN1/ALB/SYK/TUB/B2M/NOD2/F2R/ACTG1/SERPINA3/SLC22A5/MBP/IGKC/IGHA1/IGHG3/PLEKHM1/PECAM1/LTF/TFRC/F11R/TNFRSF11B/JAM3/ACP5/CA2/RAB3D/PRH1/ACTB/PIGR/KRT1/SLC2A1/IGHA2/GJA1/SLC28A2,61,2278,235,15971,1.819869987,homeostasis,***
6,22,GO:0048878,chemical homeostasis,198/2278,1049/15971,1.20E-05,0.000443294,0.000386923,CYP26B1/PDK4/ACSM3/CD4/ALOX5/ATP1A2/HERPUD1/CYBA/MCOLN3/ATP2C2/NGFR/SLC9A3/ROGDI/ATP1B3/CYBRD1/SCARB1/ATP2A3/SCTR/P2RX5/GSTP1/FTL/FKBP1A/OAS1/TF/COMT/ITPR3/TSPO/CIAO3/CTSH/CCN4/SLC39A14/CAV2/CAV1/MET/SFRP4/CXCL12/CDH23/P2RX1/PRKAR1A/FAM20A/SOD2/VEGFA/C7/SLC12A7/WNT5A/STEAP3/CNR1/CASQ2/GPAM/PTK2B/ADRA1A/PCK1/MT1G/ATF4/SERPINF1/ATP13A3/SFTPD/GRHL1/AGT/EGLN1/ISCU/RPS6/ADCY3/SLC39A8/RAB20/RCN3/MPC2/GPR17/SLC25A37/SIDT2/JPH2/IL18/GPD1L/LPCAT1/MCOLN2/KCNMA1/STEAP2/LDLRAP1/HK2/GRIN2C/TPCN2/SELENON/CLDN1/TRPV6/WNK2/AQP3/CACNB2/AVPR1A/CKB/RIC3/PRKCB/HSP90B1/B2M/ACSM1/SCNN1G/SMAD3/TRPV3/SCARA5/CD52/ATP6V0E2/SAA1/HAP1/BNIP3/PNPLA2/GPR35/RPH3AL/F2R/BACE2/CAV3/GAS6/CSMD1/RASA3/CYP4F12/KRT16/AKR1C1/MT1X/FPR3/TRPV2/PRKAR1B/LRRK2/CLDN4/CD55/ANXA6/LPAR1/PIM3/TGM2/MT1A/MT1M/GSTM2/GCGR/SLC12A8/AQP1/GTF2I/PKD1/LTF/SLC11A1/GRAMD1B/GRN/DGAT2/TFRC/CA12/SLC12A1/ERO1B/PYGL/USF2/ALOX12/WFS1/REG1A/IGFBP5/RAMP3/STEAP4/APOE/TMBIM6/NPC1/SYPL2/ACKR3/THY1/FGFR4/CTRC/GPER1/ANGPTL4/MT1E/C3AR1/LPL/OXTR/FAM3B/CYP4F2/S100A14/CES1/CD24/CCL3/TMEM38B/CA2/GLP1R/SLC25A23/PPT1/APPL2/FLG/SLC16A1/C1QTNF1/CALM1/EPHX2/KRT1/CXCL11/FABP4/ORMDL3/CCL15/CCL14/SLC12A5/MLXIPL/DCN/NTSR1/MT2A/GJA1/CYP11B1/MT4/NPSR1/SLC39A5,198,2278,1049,15971,1.323329799,homeostasis,***
6,21,GO:0050801,ion homeostasis,138/2278,719/15971,0.000118935,0.003308774,0.002888015,PDK4/CD4/ATP1A2/HERPUD1/CYBA/MCOLN3/ATP2C2/SLC9A3/ROGDI/ATP1B3/CYBRD1/ATP2A3/P2RX5/FTL/FKBP1A/TF/COMT/ITPR3/TSPO/SLC39A14/CAV2/CAV1/SFRP4/CXCL12/CDH23/P2RX1/FAM20A/C7/SLC12A7/WNT5A/STEAP3/CNR1/CASQ2/GPAM/PTK2B/ADRA1A/MT1G/ATF4/ATP13A3/AGT/EGLN1/ISCU/SLC39A8/RAB20/RCN3/GPR17/SLC25A37/JPH2/GPD1L/MCOLN2/KCNMA1/STEAP2/GRIN2C/TPCN2/SELENON/TRPV6/WNK2/CACNB2/AVPR1A/CKB/RIC3/PRKCB/HSP90B1/B2M/SCNN1G/SMAD3/TRPV3/SCARA5/CD52/ATP6V0E2/SAA1/HAP1/BNIP3/GPR35/F2R/CAV3/RASA3/CYP4F12/MT1X/FPR3/TRPV2/LRRK2/CD55/ANXA6/LPAR1/TGM2/MT1A/MT1M/GSTM2/SLC12A8/GTF2I/PKD1/LTF/SLC11A1/GRN/DGAT2/TFRC/CA12/SLC12A1/ALOX12/WFS1/REG1A/RAMP3/STEAP4/APOE/TMBIM6/SYPL2/ACKR3/THY1/FGFR4/CTRC/GPER1/MT1E/C3AR1/OXTR/CYP4F2/S100A14/CD24/CCL3/TMEM38B/CA2/GLP1R/SLC25A23/PPT1/C1QTNF1/CALM1/CXCL11/CCL15/CCL14/SLC12A5/MLXIPL/DCN/NTSR1/MT2A/GJA1/MT4/NPSR1/SLC39A5,138,2278,719,15971,1.345639063,homeostasis/ion transport,**
7,20,GO:0006887,exocytosis,208/2278,839/15971,6.98E-17,2.16E-14,1.88E-14,ENPP4/ALDH3B1/SCIN/MGST1/MMP25/ALOX5/SYT13/SERPINB1/RNASET2/CD44/VCL/CYBA/ITIH4/SERPINB3/CNN2/ATP11A/KCNAB2/WDR1/LLGL2/PLD1/STXBP2/IL4R/PGM1/PPIE/GSTP1/CD59/B4GALT1/CEACAM6/FTL/LYZ/TF/UNC13D/ADA2/DSP/TIMP3/CYB5R3/MYH9/PYGB/CHRNA4/COTL1/CRISPLD2/CTSH/GSDMD/ASAH1/SERPINE1/RARRES2/P2RX1/HSPA8/FOLR3/CBL/LTA4H/STX2/FRK/TMEM30A/VEGFA/SPARC/FN1/PLEK/PRDX6/CTSD/IRAG2/CNR1/VAMP8/SNX19/CLU/ADRA1A/CAT/SRGN/ATP8A1/SERPINB6/ABCC4/C3/ADGRE2/ISLR/SLC44A2/BST2/ACTN4/LGALS3/SNAP25/CHI3L1/ANXA1/MICAL1/GNS/SCRN1/BLK/THBS1/ANXA3/VAMP1/SLC15A4/IQGAP1/SLC2A5/ECM1/CPLX2/STOM/GSN/ALAD/SYT8/LPCAT1/STEAP2/ABR/PDXK/ITGB2/ARPC5/FCGR3B/ALB/PTX3/CLEC3B/CTSB/SYK/TRPV6/CACNB2/PRKCB/B2M/ANPEP/EEF2/SERPINF2/RAB31/STXBP6/LGALS9/CPLX1/PDCD6IP/SYT9/GAA/CLEC12A/HAP1/A2M/DPP7/ARHGAP45/RPH3AL/ANXA2/GAS6/TRARG1/PSMD13/BCR/LRRK2/SERPINA3/CD55/CACNA1H/GM2A/IGF2R/SERPINA1/PSAP/CFD/SIRPA/CD177/CPNE1/GCGR/PLEKHO2/PECAM1/DOC2B/AOC1/LTF/SLC11A1/GRN/SLC2A3/CTSA/ACTN2/CEACAM1/PKP1/PYGL/CTSZ/SLC17A9/CST3/OLFM4/CTSC/VNN1/QSOX1/PADI2/SDC4/CREG1/RALB/CRHBP/NAPRT/ENDOD1/CDA/NFASC/ANXA5/BRI3/C3AR1/LILRB3/TXNDC5/MICAL3/CCL3/GAB2/FCGR2B/RAB3D/TNFAIP6/TMBIM1/RAB15/DMTN/PRRT2/CALML5/CALM1/PNP/HSPA1A/HSP90AA1/PIGR/KRT1/FGB/ORMDL3/NPPA/HBB/TNFAIP2/SERPINB10/FGL2/S100P/PRSS2/S100A7,208,2278,839,15971,1.738120029,secretion/signaling,***
7,19,GO:0006897,endocytosis,144/2278,585/15971,9.48E-12,1.14E-09,9.96E-10,CD22/MARCO/ABCA7/CLTCL1/SCARB1/AMPH/SYNJ2/TF/PACSIN2/MYH9/NECAB2/EHD4/LILRB1/CAV2/CAV1/SERPINE1/SFRP4/CBL/VEGFA/SPARC/WNT5A/RHOU/SGIP1/FKBP15/CLU/RAB17/C3/MASP1/HIP1/ACTN4/LGALS3/SNAP25/SFTPD/LOXL2/BIN1/USP20/ENPP2/THBS1/LOXL4/MFGE8/CDH13/DGKQ/VLDLR/C9orf72/GSN/SYT8/DOCK1/LRP8/STEAP2/MX1/LDLRAP1/COLEC12/ITGB2/CXCL16/TPCN2/ALB/LRPAP1/ITGA2/SYK/TUB/HSP90B1/B2M/SCARA3/SCARA5/RAB31/SAA1/CLTB/CD151/SSC5D/CAV3/ANXA2/ACTG1/DMBT1/LRRK2/IGF2R/CD177/IGKC/IGHG2/IGHA1/IGHG1/IGHG3/IGHD/IGHM/IGHV1-3/IGHV3-49/IGHV5-51/STON1/IGLV2-8/EPN3/TFRC/DGKD/CEACAM1/SH3BP1/MLC1/ESYT2/RAMP3/APOE/NPC1/HSPG2/ACKR3/ARHGAP27/GREM1/SNCG/IGKV4-1/IGLV6-57/IGLV3-25/IGLV3-21/IGLV2-14/IGKV2-30/IGKV1-5/EHD3/FCGR2B/COLEC11/PPT1/APPL2/IGLV1-51/IGHV4-39/ACTB/HSP90AA1/IGHV3-53/IGHV1-69/HBB/IGHV1-69D/IGHA2/IGHV3-7/PRG4/IGLC1/HPR/IGLV1-47/IGHV3-33/IGLV2-23/IGHV3-21/IGLC6/IGHV1-24/IGHV3-15/IGHG4/IGHV1-18/IGKV5-2/IGLC7/IGHV1-58/IGHV4-61/HPCA/IGHV3-64/IGKV1-16,144,2278,585,15971,1.725778348,endocytosis/exocytosis,***
7,18,GO:0032940,secretion by cell,285/2278,1285/15971,9.10E-16,2.36E-13,2.06E-13,ENPP4/ABCC8/ALDH3B1/SCIN/MGST1/MMP25/CD22/ALOX5/SYT13/SERPINB1/RNASET2/CD44/BTN3A1/VCL/CYBA/ITIH4/SERPINB3/CNN2/ATP11A/KCNAB2/WDR1/LLGL2/TACR2/PLD1/STXBP2/IL4R/PGM1/PPIE/GSTP1/CD59/B4GALT1/CEACAM6/FTL/GNAS/RPH3A/LTBP4/LYZ/TF/UNC13D/ADA2/ITPR3/DSP/TIMP3/CYB5R3/MYH9/PYGB/CHRNA4/RGCC/COTL1/CRISPLD2/CTSH/SFRP1/CCN4/GSDMD/ASAH1/LILRB1/OLFM2/SERPINE1/RARRES2/SLC1A1/CXCL12/P2RX1/HSPA8/FOLR3/CBL/LTA4H/STX2/FRK/TMEM30A/VEGFA/SPARC/STEAP3/FN1/PASK/PLEK/WLS/PRDX6/CTSD/IRAG2/CNR1/VAMP8/SPP1/LTBP2/GPAM/SNX19/CLU/ADRA1A/CAT/SRGN/PFKFB2/ATP8A1/SERPINB6/ABCC4/PAX8/C3/ADGRE2/PNKD/ISLR/SLC44A2/BST2/ACTN4/LGALS3/SNAP25/CHI3L1/ANXA1/MICAL1/GNS/AGT/SCRN1/BLK/CCN3/LRRC32/THBS1/NAAA/ANXA3/VAMP1/SLC15A4/IQGAP1/RCN3/SLC2A5/MPC2/ECM1/GOLPH3L/PPFIA4/CPLX2/STOM/GSN/ALAD/ANKRD1/SYT8/SIDT2/FRMD4A/MERTK/LPCAT1/ATP5PF/STEAP2/COPG2/ABR/KALRN/PDXK/ITGB2/SLC1A7/ARPC5/FCGR3B/ALB/PTX3/CLEC3B/CTSB/SYK/TRPV6/CACNB2/AVPR1A/PRKCB/B2M/ANPEP/NOD2/EEF2/SERPINF2/RAB31/STXBP6/LGALS9/CPLX1/PDCD6IP/SYT9/KCNS3/GAA/CLEC12A/SAA1/HAP1/A2M/CIDEA/DPP7/ARHGAP45/RPH3AL/F2R/ANXA2/CADM1/ABAT/GAS6/TRARG1/PSMD13/SYN3/BCR/LRRK2/SERPINA3/CD55/CACNA1H/GM2A/IGF2R/SERPINA1/PSAP/CFD/SIRPA/PIM3/CD177/CPNE1/GCGR/PLEKHO2/ARFGAP3/PECAM1/DOC2B/AOC1/LTF/SLC11A1/GRN/SLC2A3/CTSA/ACTN2/CEACAM1/PKP1/PYGL/CTSZ/SLC17A9/CST3/MYOM1/OLFM4/COMP/CTSC/VNN1/QSOX1/PADI2/SDC4/APOE/GLUL/IL1RN/TMBIM6/CREG1/RALB/CRHBP/PAM/NAPRT/ENDOD1/PDIA4/CDA/NFASC/ANXA5/BRI3/GPER1/C3AR1/SNCG/ARL4D/OXTR/FAM3B/ADRA2C/MYO18A/LILRB3/TXNDC5/MICAL3/CCL3/GAB2/FCGR2B/TMEM38B/RAB3D/GAPDH/GLP1R/TNFAIP6/PPT1/TMBIM1/RAB15/SLC16A1/DMTN/PRRT2/C1QTNF1/CALML5/CALM1/PNP/HSPA1A/HSP90AA1/PIGR/KRT1/FGB/ORMDL3/NPPA/CAVIN1/HBB/SLC2A1/TNFAIP2/SERPINB10/NTSR1/FGL2/GJA1/S100P/PRSS2/CRHR1/S100A7,285,2278,1285,15971,1.554963225,secretion/signaling,***
7,17,GO:0016192,vesicle-mediated transport,400/2278,1944/15971,2.93E-16,8.17E-14,7.13E-14,ENPP4/ALDH3B1/SCIN/MGST1/MMP25/CD22/ALOX5/MARCO/SYT13/SERPINB1/OSBPL5/RNASET2/CD44/VCL/CYBA/CYFIP2/ITIH4/SERPINB3/NCKAP1/CNN2/ABCA7/ATP11A/KCNAB2/CLTCL1/WDR1/SCARB1/LLGL2/PLD1/STXBP2/IL4R/DYNC1I2/AMPH/SYNJ2/PGM1/PPIE/GSTP1/CD59/B4GALT1/CEACAM6/FTL/LYZ/TF/UNC13D/ADA2/DSP/NRP1/WASHC2A/TIMP3/CYB5R3/PACSIN2/MYH9/PYGB/CHRNA4/FGF14/MGRN1/NECAB2/COTL1/CRISPLD2/CTSH/EHD4/LAPTM4B/GSDMD/ASAH1/FCGRT/LILRB1/DENND3/PLIN3/WDR91/CAV2/CAV1/MET/SERPINE1/SFRP4/RARRES2/P2RX1/CCL2/HSPA8/FOLR3/CBL/LTA4H/STX2/FRK/TMEM30A/VEGFA/SPARC/WNT5A/SPTBN1/FN1/PLEK/RHOU/PRDX6/CTSD/IRAG2/CNR1/SGIP1/VAMP8/FKBP15/WDR11/SNX19/CLU/ADRA1A/CAT/ANXA11/SLC66A2/WIPF3/SRGN/C4BPA/ATP8A1/SERPINB6/RAB17/ABCC4/C3/MASP1/PLA2G5/ADGRE2/HIP1/ISLR/USP6/SLC44A2/BST2/ACTN4/LGALS3/SNAP25/CHI3L1/SFTPD/LOXL2/NAPG/ANXA1/MICAL1/GNS/SCRN1/BLK/BIN1/USP20/ENPP2/THBS1/SPTBN5/LOXL4/ANXA3/VAMP1/SLC15A4/RAB20/MFGE8/IQGAP1/CDH13/IRF8/SGSM2/TMEM50B/SLC2A5/ECM1/GOLPH3L/RHOB/GRIP2/DGKQ/CPLX2/VLDLR/C9orf72/STOM/GSN/ALAD/SYT8/DOCK1/MERTK/LPCAT1/VPS8/LRP8/STEAP2/MX1/LDLRAP1/COLEC12/COPG2/SPON2/ABR/KALRN/PDXK/ITGB2/SQSTM1/CXCL16/TPCN2/ARPC5/FCGR3B/PKDCC/ALB/ADAMTS9/PTX3/CLEC3B/LRPAP1/ITGA2/RHOBTB3/CTSB/MICALL2/SYK/TRPV6/CACNB2/TUB/PRKCB/HSP90B1/B2M/ANPEP/TRAPPC9/EEF2/UBXN6/SERPINF2/SCARA3/SCARA5/RAB31/STXBP6/LGALS9/CPLX1/PDCD6IP/SYT9/TSNARE1/GAA/TRAPPC12/CLEC12A/SAA1/HAP1/CLTB/BAIAP2/A2M/DPP7/CD151/BET1L/SSC5D/ARHGAP45/RPH3AL/CAV3/ANXA2/CAMK1D/GAS6/TMEM50A/ACTG1/TRARG1/PSMD13/SYN3/BCR/DMBT1/PRKAR1B/LRRK2/SERPINA3/CD55/CACNA1H/TRAPPC4/GM2A/IGF2R/SERPINA1/PSAP/CFD/VPS13A/SIRPA/TGM2/TAP2/CD177/IGKC/IGHG2/IGHA1/IGHG1/IGHG3/IGHD/IGHM/IGHV1-3/IGHV3-49/IGHV5-51/EMP2/CPNE1/GCGR/C4B/TAPBP/PLEKHO2/ARFGAP3/STON1/PECAM1/DOC2B/IGLV2-8/AOC1/LTF/SLC11A1/GRN/EPN3/SLC2A3/CTSA/TFRC/DGKD/ACTN2/CEACAM1/PKP1/SH3BP1/MLC1/PYGL/CTSZ/SLC17A9/CST3/OLFM4/NDRG4/CTSC/VNN1/QSOX1/PADI2/ESYT2/RAMP3/SDC4/APOE/NPC1/HSPG2/CREG1/RALB/ACKR3/CRHBP/NAPRT/ENDOD1/UBC/CDA/ARHGAP27/NFASC/ANXA5/BRI3/GREM1/C3AR1/SNCG/ARL4D/MYO18A/CES1/LILRB3/IGKV4-1/IGLV6-57/IGLV3-25/IGLV3-21/IGLV2-14/UBA52/TXNDC5/MICAL3/IGKV2-30/IGKV1-5/CCL3/EHD3/GAB2/FCGR2B/RAB3D/COLEC11/TNFAIP6/ARPC1B/PPT1/TMBIM1/APPL2/RAB15/DMTN/PLPP3/PRRT2/CALML5/MAPK15/CALM1/PNP/HSPA1A/IGLV1-51/IGHV4-39/ACTB/HSP90AA1/LIMK1/CCDC93/PIGR/KRT1/FGB/ORMDL3/NPPA/IGHV3-53/IGHV1-69/HBB/IGHV1-69D/VPS37B/TNFAIP2/PLPP4/ARL17A/SEPTIN8/FCGR3A/IGHA2/IGHV3-7/SERPINB10/PRG4/IGLC1/HPR/FGL2/IGLV1-47/IGHV3-33/S100P/IGLV2-23/PRSS2/IGHV3-21/IGLC6/IGHV1-24/IGHV3-15/IGHG4/IGHV1-18/IGKV5-2/IGLC7/IGHV1-58/IGHV4-61/HPCA/IGHV3-64/IGKV1-16/S100A7,400,2278,1944,15971,1.442587354,secretion/signaling,***
8,16,GO:0030198,extracellular matrix organization,137/2278,367/15971,1.04E-28,1.48E-25,1.29E-25,CFLAR/MMP25/CD44/VCAN/TNC/LAMC3/COL23A1/NTN4/FBLN1/COL5A3/COL4A4/ITGB5/COL16A1/B4GALT1/MMP2/NID2/LAMB1/COL9A3/PAPLN/RGCC/CRISPLD2/CAV2/CAV1/SERPINE1/AEBP1/SPOCK2/SH3PXD2A/SMOC2/LAMA4/SPARC/FN1/NID1/MFAP2/SPP1/FMOD/COL5A1/LAMA5/POSTN/MYH11/SPINK5/LOXL2/COL4A2/ITGA7/AGT/LAMC1/ADAMTS7/SULF1/THBS1/LOXL4/ADAMTS14/SLC39A8/FBN2/ADAMTS17/COL6A1/COL6A2/ADAMTSL4/COL8A1/PHLDB2/SFRP2/CSGALNACT1/SERPINH1/MMP3/ABI3BP/ADAMTS1/SCUBE1/ITGB2/PDPN/CAPN2/COL6A3/FBLN2/ADAMTS9/PTX3/ITGA2/SMAD3/SPINT2/SERPINF2/TNXB/COL4A3/KLK7/BSG/HPSE2/NDNF/SH3PXD2B/A2M/ANXA2/COL18A1/GAS6/FLRT2/COL4A1/THSD4/COL14A1/SULF2/COL27A1/LAMB3/ADAMTSL2/MMP17/SMOC1/COL15A1/DDR1/ITGA1/PECAM1/LAMA3/ERO1B/CST3/COMP/COL1A1/QSOX1/TGFBI/ADAM19/MMP7/CYP1B1/HSPG2/DPT/F11R/FGFR4/TNFRSF11B/JAM3/GREM1/KLK4/NPNT/CTRB1/AGRN/MMP1/MFAP5/COL5A2/SERPINB5/COL28A1/LAMC2/ITGA8/TMEM38B/MFAP4/FGB/ANGPTL7/PRSS1/DCN/CTRB2/PRSS2,137,2278,367,15971,2.617175782,cellular structure/organization,***
8,15,GO:0034330,cell junction organization,133/2278,650/15971,6.85E-06,0.000265483,0.000231723,VCL/TNC/NGEF/CLDN18/WDR1/LIMS2/TNS1/COL16A1/WHRN/SORBS1/DSP/NRP1/ARVCF/SFRP1/NDRG1/CAV1/SPOCK2/HSPA8/MDGA1/PERP/VEGFA/SPARC/WNT5A/TANC1/FN1/EPHA4/NRP2/TJP2/PTK2B/PDZRN3/SRGN/OBSL1/RAB17/C3/CDHR3/ARHGAP22/NECTIN2/AFDN/ACTN4/NPHP4/GRHL1/AGT/EGLN1/LAMC1/THBS1/IQGAP1/CDH13/TBCD/PPFIA4/PHLDB2/TPBG/SDK1/DLG5/FARP1/LGI2/CAST/LRP8/KALRN/CADM3/PDLIM5/CLDN1/ITGA2/MICALL2/SVEP1/CACNB2/SMAD3/PDCD6IP/CFL1/BAIAP2/DOK7/LRRN1/CD151/PLEC/F2R/GET1/CADM1/GPC6/ACTG1/FLRT2/KRT5/THBS2/BCR/KRT14/COL4A1/GJA4/SEMA4D/SHISA6/LRRK2/CLDN4/PLXNB2/LAMB3/CD177/FMN1/CLDN23/PECAM1/PLXND1/CTNNA1/LAMA3/ACTN2/PKP1/SH3BP1/LGMN/SDC4/APOE/PTPRF/SPARCL1/THY1/FLCN/EPHB1/NRG1/F11R/ACE/IGFN1/NFASC/GJB2/JAM3/GREM1/FAM107A/SNCG/OXTR/MAPT/AGRN/APOD/ACTN3/NEFL/LAMC2/FCGR2B/FLNC/DMTN/EFNA1/ACTB/GJA1/XIRP2,133,2278,650,15971,1.434553252,cellular structure/organization,***
8,14,GO:0007010,cytoskeleton organization,246/2278,1288/15971,3.67E-07,1.88E-05,1.64E-05,CFLAR/USH1C/SCIN/GAS7/TACC3/STMN4/SYNE2/CYFIP2/NCKAP1/CNN2/WDR1/LLGL2/CELSR1/PCM1/ITGB5/FAT1/MAEA/TF/SORBS1/EFHC1/DSP/ABLIM1/NRP1/PACSIN2/MYH9/NINL/RGCC/COTL1/SFRP1/MYH14/MET/KANK1/PDLIM1/CXCL12/CCL2/PRKAR1A/MYH3/CRYAB/NEDD9/PHACTR1/PDGFRB/BCL6/KAT2B/KLHL24/SPTBN1/PLEK/RHOU/CASQ2/PTPA/PTK2B/LDB3/OBSL1/ARHGAP40/HIP1/CGNL1/PALLD/NECTIN2/BST2/ACTN4/TNNT3/SYNE1/GFAP/PDLIM4/NPHP4/MYH11/MICAL2/ANXA1/MICAL1/CAPN9/FLNB/BIN1/SPTBN5/TACC2/IQGAP1/GAS8/CCDC40/TBCD/RHOB/PHLDB2/PLK2/DAAM2/EPHA1/C9orf72/GSN/ANKRD1/INCENP/PSTPIP2/PLEKHH2/DNAAF1/OBSCN/PDLIM3/SORBS2/ZYX/ABR/FTCD/SPATC1L/PCNT/DNAI3/ARPC5/CAPN2/PDLIM5/CDC42EP3/LMOD1/RHOBTB3/MICALL2/HSP90B1/SMAD3/TPM4/CORO6/SERPINF2/CCDC88B/TNXB/ATF5/MYO7B/PDCD6IP/KRT8/KRT4/AKAP13/MTSS1/CAVIN3/KRT19/KRT15/KRT13/SYNPO2/CFL1/ABLIM3/SH3PXD2B/DES/BAIAP2/SYNE3/PLEC/GEN1/CALML3/GPR35/RFLNA/CDC42EP4/MYADM/HCLS1/MOB2/SYNM/CAV3/NEB/FHL3/SMTN/ACTG1/TACSTD2/CIB1/KRT5/BCR/KRT16/KRT14/ESPN/DNAH17/PARVB/TOGARAM2/EVL/AFAP1/SVIL/MYH6/NRAP/LPAR1/TPM2/CCDC69/KIAA0753/INF2/EMP2/TTLL3/AQP1/FMN1/BAIAP2L1/PKD1/VIM/CAPG/CRMP1/NDE1/ACTN2/PKP1/MAST2/NSFL1C/SH3BP1/CEP192/CEP72/DPYSL3/TNNT2/PPL/SDC4/AIF1L/APOE/NES/ESPL1/VILL/TPM1/ARHGEF19/ESPNL/PAM/THY1/MRAS/F11R/CSRP1/SUN1/JAM3/SYNPO2L/FAM107A/TPPP/TCAP/GOLGA8A/TUBB6/MAP6D1/MAPT/AGRN/MYO18A/SMTNL1/GOLGA8B/MICAL3/NEFL/CCL3/SUN2/GAPDH/PREX1/ARPC1B/MPRIP/SLC16A1/DMTN/TPPP3/DNAAF5/KRT6C/CALML5/MAPK15/RFLNB/CALM1/HSPA1A/ACTB/LIMK1/DNAH8/ID1/ACTA1/TNNT1/KRT6A/TMSB10/SHC1/GJA1/MYL2/XIRP2/KRT6B/TUBA3E/KRT2,246,2278,1288,15971,1.339052591,cellular structure/organization,***
9,13,GO:0007160,cell-matrix adhesion,59/2278,212/15971,1.76E-07,9.38E-06,8.19E-06,CD44/VCL/COL5A3/ITGB5/COL16A1/EPDR1/CEACAM6/NID2/SORBS1/NRP1/JAG1/SFRP1/SERPINE1/VEGFA/BCL6/FN1/NID1/PTK2B/POSTN/LYVE1/ITGA7/THBS1/IQGAP1/CDH13/PHLDB2/MUC4/EPHA1/ZYX/ITGB2/SNED1/ADAMTS9/ITGA2/FREM1/SMAD3/ACTG1/CIB1/BCR/DDR1/EMP2/ITGA1/FMN1/PECAM1/PKD1/ACTN2/SDC4/NINJ1/THY1/JAM3/GREM1/FAM107A/NPNT/APOD/ACTN3/ITGA8/MSLN/DMTN/LYPD5/FGB/MSLNL,59,2278,212,15971,1.951167442,adhesion,***
9,12,GO:0022610,biological adhesion,306/2278,1321/15971,8.47E-20,5.69E-17,4.97E-17,IL32/CD4/CD22/ALOX5/CNTN1/CD44/VCL/VCAN/TNC/LAMC3/CYFIP2/CDON/CLDN18/LIMS2/SCARB1/NTN4/CELSR1/MCAM/IL4R/FBLN1/COL5A3/ITGB5/FAT1/COL16A1/B4GALT1/EPDR1/CEACAM6/NID2/GNAS/FXYD5/MAEA/LAMB1/UNC13D/SORBS1/DSP/NRP1/ARVCF/MYH9/BMP7/JAG1/RGCC/PIEZO1/SFRP1/CCN4/FGL1/LILRB1/CAV1/SERPINE1/AGR2/KANK1/PDLIM1/CXCL12/CDH23/SPOCK2/MAP3K8/CCL2/PRKAR1A/FOLR3/NEDD9/RIPOR2/MDGA1/PERP/SMOC2/PRPH2/VEGFA/LAMA4/THBS4/BCL6/WNT5A/FN1/PLEK/EPHA4/NID1/NRP2/SPP1/TJP2/GPAM/PTK2B/OBSL1/PCK1/IRF1/FGFRL1/ADGRE2/CDHR3/TWSG1/ISLR/PALLD/NECTIN2/AFDN/ACTN4/COL5A1/LAMA5/NPHP4/LGALS3/POSTN/SFTPD/SPINK5/LYVE1/LOXL2/ANXA1/NT5E/ITGA7/CD164/LAMC1/GPNMB/BLK/CCN3/LRRC32/THBS1/PDE5A/SLC39A8/MFGE8/IQGAP1/CDH13/TBCD/COL6A1/COL6A2/SIGLEC10/CELSR2/RHOB/COL8A1/PHLDB2/BOC/MUC4/SFRP2/TPBG/SDK1/EPHA1/DOCK5/GSN/CDHR1/MPZL2/DOCK1/IL18/DLG5/SPOCK1/MERTK/ROBO3/ABI3BP/OBSCN/SPON2/ZYX/ITGB2/JAML/AZGP1/SIGLEC16/PDPN/CADM3/SNED1/PDLIM5/CLDN1/COL6A3/IGFBP7/FBLN2/ADAMTS9/ITGA2/CITED2/DACT2/MICALL2/FREM1/SYK/SVEP1/SMAD3/NOD2/SPINT2/LY6D/SERPINF2/CCDC88B/TNXB/IL7R/STXBP6/LGALS9/COL4A3/ALCAM/MTSS1/LGALS9C/LRRC15/BSG/NDNF/SAA1/RGMB/BAIAP2/FUT2/CD151/MYADM/ANXA2/COL18A1/CADM1/ABAT/GAS6/GPC6/ACTG1/TACSTD2/CIB1/FLRT2/MUC1/P4HB/THBS2/GLDN/BCR/SEMA4D/COL14A1/PARVB/CLDN4/MYBPC1/CD55/PLXNB2/LAMB3/MBP/SIRPA/TGM2/COL15A1/CDSN/DDR1/CD177/PPP1CB/EMP2/ITGA1/ARHGDIG/FMN1/CLDN23/PECAM1/SPON1/PLXND1/BAIAP2L1/PKD1/LTF/CTNNA1/LAMA3/CCN5/TFRC/ACTN2/CEACAM1/PKP1/TESC/MYL12A/OLFM4/COMP/CNTNAP3/MEGF9/DOCK8/VSIR/COL1A1/ALOX12/VNN1/CD46/DUSP1/TGFBI/CSTA/SDC4/NINJ1/ADAM19/IL1RN/CYP1B1/TPM1/PTPRF/DPT/ACKR3/SPARCL1/THY1/FLCN/EPHB1/F11R/CSRP1/IGFN1/NFASC/JCAD/JAM3/GREM1/CERCAM/FAM107A/NPNT/APOD/COL28A1/ACTN3/CD24/LAMC2/FCGR2B/ITGA8/MSLN/GTPBP4/TNFAIP6/PREX1/TNFRSF14/DMTN/LYPD5/PLPP3/MXRA8/MFAP4/RPSA/EFNA1/C1QTNF1/PNP/VSIG10L2/DGCR2/ACTB/ID1/IL6ST/FGB/KLRK1/HBB/SHC1/FGL2/MSLNL/MUC21/PRSS2,306,2278,1321,15971,1.624041036,adhesion,***
9,11,GO:0007155,cell adhesion,303/2278,1316/15971,3.41E-19,2.06E-16,1.79E-16,IL32/CD4/CD22/ALOX5/CNTN1/CD44/VCL/VCAN/TNC/LAMC3/CYFIP2/CDON/CLDN18/LIMS2/NTN4/CELSR1/MCAM/IL4R/FBLN1/COL5A3/ITGB5/FAT1/COL16A1/B4GALT1/EPDR1/CEACAM6/NID2/GNAS/FXYD5/MAEA/LAMB1/UNC13D/SORBS1/DSP/NRP1/ARVCF/MYH9/BMP7/JAG1/RGCC/PIEZO1/SFRP1/CCN4/FGL1/LILRB1/CAV1/SERPINE1/AGR2/KANK1/PDLIM1/CXCL12/CDH23/SPOCK2/MAP3K8/CCL2/PRKAR1A/FOLR3/NEDD9/RIPOR2/MDGA1/PERP/SMOC2/PRPH2/VEGFA/LAMA4/THBS4/BCL6/WNT5A/FN1/PLEK/EPHA4/NID1/NRP2/SPP1/TJP2/GPAM/PTK2B/OBSL1/PCK1/IRF1/FGFRL1/ADGRE2/CDHR3/TWSG1/ISLR/PALLD/NECTIN2/AFDN/ACTN4/COL5A1/LAMA5/NPHP4/LGALS3/POSTN/SFTPD/SPINK5/LYVE1/LOXL2/ANXA1/NT5E/ITGA7/CD164/LAMC1/GPNMB/BLK/CCN3/LRRC32/THBS1/PDE5A/SLC39A8/MFGE8/IQGAP1/CDH13/TBCD/COL6A1/COL6A2/SIGLEC10/CELSR2/RHOB/COL8A1/PHLDB2/BOC/MUC4/SFRP2/TPBG/SDK1/EPHA1/DOCK5/GSN/CDHR1/MPZL2/DOCK1/IL18/DLG5/SPOCK1/MERTK/ROBO3/ABI3BP/OBSCN/SPON2/ZYX/ITGB2/JAML/AZGP1/SIGLEC16/PDPN/CADM3/SNED1/PDLIM5/CLDN1/COL6A3/IGFBP7/FBLN2/ADAMTS9/ITGA2/CITED2/DACT2/MICALL2/FREM1/SYK/SVEP1/SMAD3/NOD2/SPINT2/LY6D/SERPINF2/CCDC88B/TNXB/IL7R/STXBP6/LGALS9/COL4A3/ALCAM/MTSS1/LGALS9C/BSG/NDNF/SAA1/RGMB/BAIAP2/FUT2/CD151/MYADM/ANXA2/COL18A1/CADM1/ABAT/GAS6/GPC6/ACTG1/TACSTD2/CIB1/FLRT2/MUC1/P4HB/THBS2/GLDN/BCR/SEMA4D/COL14A1/PARVB/CLDN4/MYBPC1/CD55/PLXNB2/LAMB3/MBP/SIRPA/TGM2/COL15A1/CDSN/DDR1/CD177/PPP1CB/EMP2/ITGA1/ARHGDIG/FMN1/CLDN23/PECAM1/SPON1/PLXND1/BAIAP2L1/PKD1/CTNNA1/LAMA3/CCN5/TFRC/ACTN2/CEACAM1/PKP1/TESC/MYL12A/OLFM4/COMP/CNTNAP3/MEGF9/DOCK8/VSIR/COL1A1/ALOX12/VNN1/CD46/DUSP1/TGFBI/CSTA/SDC4/NINJ1/ADAM19/IL1RN/CYP1B1/TPM1/PTPRF/DPT/ACKR3/SPARCL1/THY1/FLCN/EPHB1/F11R/CSRP1/IGFN1/NFASC/JCAD/JAM3/GREM1/CERCAM/FAM107A/NPNT/APOD/COL28A1/ACTN3/CD24/LAMC2/FCGR2B/ITGA8/MSLN/GTPBP4/TNFAIP6/PREX1/TNFRSF14/DMTN/LYPD5/PLPP3/MXRA8/MFAP4/RPSA/EFNA1/C1QTNF1/PNP/VSIG10L2/DGCR2/ACTB/ID1/IL6ST/FGB/KLRK1/HBB/SHC1/FGL2/MSLNL/MUC21/PRSS2,303,2278,1316,15971,1.61422894,adhesion,***
10,10,GO:0033275,actin-myosin filament sliding,19/2278,34/15971,1.71E-08,1.11E-06,9.67E-07,MYH7/MYH3/TNNT3/MYL3/TPM4/DES/NEB/MYBPC1/MYH6/TPM2/VIM/ACTN2/TNNT2/TPM1/TCAP/ACTN3/ACTA1/TNNT1/MYL2,19,2278,34,15971,3.917897537,movement,***
10,9,GO:0016477,cell migration,292/2278,1370/15971,8.11E-14,1.45E-11,1.27E-11,ALOX5/CD44/VCL/DAPK2/LAMC3/SYNE2/SERPINB3/NCKAP1/GPC1/HDAC4/ATP1B3/WDR1/SCARB1/NTN4/CELSR1/MCAM/PCM1/TNS1/ITGB5/FAT1/GSTP1/B4GALT1/CEACAM6/LAMB1/EFHC1/NRP1/TSPO/MYH9/BMP7/JAG1/STK24/RGCC/SLC7A5/CTSH/SFRP1/CCN4/CAV1/MET/SERPINE1/RARRES2/KANK1/PDLIM1/CXCL12/CCL2/NEDD9/RIPOR2/SOD2/PHACTR1/MDGA1/SMOC2/VEGFA/LAMA4/SPARC/THBS4/FGF1/PDGFRB/WNT5A/FN1/IL1R1/EPHA4/RHOU/F3/NRP2/PTK2B/ATP8A1/ADGRE2/PALLD/MTUS1/BST2/AFDN/ACTN4/COL5A1/LAMA5/AKAP12/LGALS3/SERPINF1/MATN2/LGR6/POSTN/SFTPD/LOXL2/ANXA1/AGT/LAMC1/TNS3/GPNMB/GYPC/ENPP2/CCN3/SULF1/THBS1/ANXA3/DNAJA4/IQGAP1/CDH13/RERE/CELSR2/ECM1/RHOB/PHLDB2/SFRP2/PLK2/GNA12/EPHA1/DOCK5/DOCK1/DLG5/PSTPIP2/SPOCK1/IGSF10/MERTK/MCOLN2/ADAMTS1/APCDD1/SLC7A7/IL34/NBL1/ABR/ITGB2/JAML/CXCL16/PDPN/SDC3/DNAI3/ARPC5/CLDN1/ADAMTS9/ITGA2/RHOBTB3/CITED2/SYK/SMAD3/CORO6/LGALS9/GP2/PDGFD/MCC/PLEKHG5/LRRC15/BSG/IL16/CFL1/NDNF/SAA1/NET1/CD151/ALOX15B/MYADM/PDXDC1/F2R/COL18A1/SPATA13/CAMK1D/GAS6/GPC6/CCBE1/ACTG1/TACSTD2/PTP4A3/SEMA4B/CIB1/FLRT2/MST1L/BCR/KRT16/SEMA4D/LRRK2/CLDN4/EVL/PLXNB2/LAMB3/ANXA6/KANK2/ADARB1/SIRPA/LPAR1/DDR1/CD177/IGKC/IGHA1/IGHM/EMP2/ITGA1/PECAM1/PRAG1/IGLV2-8/PLXND1/GRN/LAMA3/NDE1/CEACAM1/SH3BP1/LGMN/NDRG4/MEGF9/DOCK8/ZFAND5/VSIR/COL1A1/ALOX12/TSPAN11/DPYSL3/IGFBP5/LGALS8/PADI2/DUSP1/SDC4/APOE/GLUL/CYP1B1/TPM1/ABHD2/PTPRF/SEMA6C/ACKR3/IGFBP3/THY1/FLCN/EPHB1/NRG1/F11R/ACE/FGFR4/SUN1/GPER1/JCAD/JAM3/GREM1/FAM107A/C3AR1/UMODL1/C10orf99/APOD/S100A14/MYO18A/MMP1/IGKV4-1/IGLV6-57/IGLV3-25/IGLV3-21/IGLV2-14/GPX1/IGKV2-30/IGKV1-5/CD24/CCL3/LAMC2/SUN2/FAM83D/GTPBP4/TNFAIP6/PREX1/APPL2/SLC16A1/TNFRSF14/DMTN/PLPP3/EFNA1/PODN/MAPK15/IGLV1-51/IGHV4-39/ID1/ARHGEF16/CXCL11/THBD/S100A2/IGHV3-53/IGHV1-69/KLRK1/CCL15/CCL3L1/CCL14/CXCL14/TMSB10/DDIT4/IGHA2/IGHV3-7/SHC1/IGLC1/DCN/GJA1/IGLV1-47/IGHV3-33/S100P/IGLV2-23/IGLC6/IGKV5-2/KRT2/IGLC7/IGKV1-16/S100A7,292,2278,1370,15971,1.494309902,movement,***
10,8,GO:0048870,cell motility,314/2278,1510/15971,2.28E-13,3.63E-11,3.16E-11,ALOX5/CD44/VCL/DAPK2/LAMC3/SYNE2/SERPINB3/NCKAP1/GPC1/HDAC4/ATP1B3/WDR1/SCARB1/NTN4/TACR2/CELSR1/PLD1/MCAM/FBLN1/PCM1/TNS1/ITGB5/FAT1/GSTP1/B4GALT1/CEACAM6/LAMB1/TF/EFHC1/NRP1/TSPO/MYH9/BMP7/JAG1/STK24/RGCC/SLC7A5/CTSH/SFRP1/CCN4/DNAH11/CAV1/MET/SERPINE1/RARRES2/KANK1/PDLIM1/CXCL12/SPOCK2/CCL2/NEDD9/RIPOR2/SOD2/PHACTR1/MDGA1/SMOC2/VEGFA/LAMA4/SPARC/THBS4/FGF1/PDGFRB/WNT5A/FN1/IL1R1/EPHA4/RHOU/F3/NRP2/PTK2B/ATP8A1/ADGRE2/PALLD/MTUS1/BST2/AFDN/ACTN4/COL5A1/LAMA5/AKAP12/NPHP4/LGALS3/SERPINF1/MATN2/LGR6/POSTN/SFTPD/LOXL2/ANXA1/AGT/LAMC1/TNS3/GPNMB/GYPC/ENPP2/CCN3/SULF1/THBS1/ADCY3/ANXA3/DNAJA4/IQGAP1/CDH13/GAS8/CCDC40/RERE/CELSR2/ECM1/RHOB/PHLDB2/SFRP2/PLK2/GNA12/EPHA1/DOCK5/DOCK1/DLG5/PSTPIP2/SPOCK1/IGSF10/MERTK/MCOLN2/ADAMTS1/APCDD1/SLC7A7/IL34/NBL1/ABR/ITGB2/JAML/CXCL16/PDPN/SDC3/DNAI3/ARPC5/CLDN1/ADAMTS9/ITGA2/RHOBTB3/CITED2/DEFB1/SYK/SMAD3/CORO6/SPINT2/LGALS9/GP2/PDGFD/MCC/PLEKHG5/LRRC15/BSG/IL16/CFL1/NDNF/SAA1/NET1/BTC/CD151/ALOX15B/MYADM/PDXDC1/F2R/COL18A1/SPATA13/CAMK1D/GAS6/GPC6/CCBE1/ACTG1/TACSTD2/PTP4A3/SEMA4B/CIB1/FLRT2/MST1L/BCR/KRT16/SEMA4D/DNAH17/LRRK2/CLDN4/EVL/PLXNB2/LAMB3/ANXA6/KANK2/ADARB1/VPS13A/SIRPA/LPAR1/DDR1/CD177/IGKC/IGHA1/IGHM/EMP2/ITGA1/PECAM1/PRAG1/IGLV2-8/PLXND1/GRN/CTNNA1/LAMA3/NDE1/CEACAM1/SH3BP1/LGMN/NDRG4/MEGF9/DOCK8/ZFAND5/VSIR/COL1A1/ALOX12/TSPAN11/DPYSL3/IGFBP5/LGALS8/PADI2/DUSP1/SDC4/APOE/GLUL/DUOX1/CYP1B1/TPM1/ABHD2/PTPRF/SEMA6C/ACKR3/IGFBP3/THY1/FLCN/EPHB1/NRG1/F11R/ACE/FGFR4/SUN1/GPER1/JCAD/JAM3/GREM1/FAM107A/C3AR1/UMODL1/C10orf99/APOD/S100A14/MYO18A/MMP1/IGKV4-1/IGLV6-57/IGLV3-25/IGLV3-21/IGLV2-14/GPX1/IGKV2-30/IGKV1-5/CD24/CCL3/LAMC2/SUN2/FAM83D/GTPBP4/TNFAIP6/PREX1/APPL2/SORD/DUOX2/SLC16A1/TNFRSF14/DMTN/PLPP3/EFNA1/PODN/MAPK15/IGLV1-51/IGHV4-39/ACTB/DNAH8/ID1/ARHGEF16/CXCL11/CAVIN1/THBD/S100A2/IGHV3-53/IGHV1-69/KLRK1/CCL15/CCL3L1/CCL14/CXCL14/TMSB10/DDIT4/IGHA2/IGHV3-7/SHC1/IGLC1/DCN/GJA1/IGLV1-47/IGHV3-33/S100P/IGLV2-23/IGLC6/IGKV5-2/KRT2/IGLC7/IGKV1-16/S100A7,314,2278,1510,15971,1.457911262,movement,***
11,7,GO:0006633,fatty acid biosynthetic process,41/2278,148/15971,1.43E-05,0.000515382,0.000449843,PDK4/ACSM3/ELOVL5/ALOX5/MGLL/ACACB/GSTP1/SCD/CYP2D6/TRIB3/ACSBG1/PRKAG2/PTGDS/LTA4H/PTGIS/FADS2/ANXA1/SCD5/CBR4/ACSS1/HPGD/AVPR1A/ACSM1/GPX4/FASN/ALOX15B/ACSM5/LIPI/AKR1C3/GSTM2/CEACAM1/ALOX12/ABHD2/FADS1/CYP4F11/LPL/PTGS1/CYP2E1/EPHX2/MLXIPL/TECRL,41,2278,148,15971,1.942229433,biosynthetic process/metabolism,***
11,6,GO:0046890,regulation of lipid biosynthetic process,39/2278,173/15971,0.002137873,0.033716474,0.029428932,PDK4/ELOVL5/H6PD/DKK3/SCARB1/ACACB/FDFT1/SORBS1/SCD/TSPO/TRIB3/ASAH1/PRKAG2/FGF1/GPAM/PCK1/C3/POR/ANXA1/DGKQ/CCDC3/LPCAT1/LSS/CAPN2/IGFBP7/AVPR1A/FASN/HSD17B13/DHCR7/AKR1C3/PLIN5/DGAT2/CEACAM1/APOE/FGFR4/GPER1/CES1/ORMDL3/MLXIPL,39,2278,173,15971,1.580508711,biosynthetic process/metabolism,**
11,5,GO:0044283,small molecule biosynthetic process,125/2278,644/15971,0.00015142,0.004064178,0.003547358,PDK4/ACSM3/ELOVL5/ALOX5/TYMP/MRI1/VCAN/H6PD/DKK3/BCAT1/MGLL/ACACB/FDFT1/PGM1/GSTP1/ITPKC/MAEA/ADA2/SCD/CYP2D6/CYB5R3/TRIB3/ACSBG1/SLC39A14/ASAH1/PDE4C/PRKAG2/PTGDS/ENO3/ACCS/LTA4H/NUDT12/PDE8B/FGF1/KAT2B/ABCC5/PLEK/DHCR24/GPAM/PTK2B/PTGIS/PCK1/GOT2/PLA2G5/POR/ATF4/ALDH1A2/GGT7/FADS2/ANXA1/NT5E/LHCGR/PDE5A/NUDT7/IMPA2/PGD/DGKQ/SCD5/CBR4/QDPR/PLOD2/ACSS1/PDXK/LSS/BDH1/IP6K3/COQ8A/TKT/HPGD/SYK/AVPR1A/ASPG/ACSM1/GPX4/FASN/DHCR7/SHMT1/MTHFR/ALOX15B/CHST15/ADI1/ABAT/ACSM5/ALDH1A3/LIPI/AKR1C3/CACNA1H/GSTM2/AMACR/DGAT2/CEACAM1/GGT1/ALOX12/APOE/FBP2/GLUL/ABHD2/LBR/BHMT/APIP/FADS1/CDA/FGFR4/GPER1/FBP1/CYP4F11/LPL/UPP1/CES1/GGTA1/GPX1/PTGS1/NME4/GAPDH/CYP2E1/SORD/GATM/PNP/EPHX2/MLXIPL/DCN/NTSR1/CYP11B1/DHRS9/TECRL,125,2278,644,15971,1.360825803,biosynthetic process/metabolism,**
12,4,GO:0035633,maintenance of blood-brain barrier,13/2278,32/15971,0.000237566,0.005829022,0.005087777,VCL/SLC1A1/VEGFA/TJP2/LAMC1/CLDN1/ACTG1/MBP/PECAM1/F11R/JAM3/ACTB/GJA1,13,2278,32,15971,2.848208406,blood,*
12,3,GO:0070527,platelet aggregation,21/2278,59/15971,3.47E-05,0.001142266,0.00099701,VCL/GNAS/MYH9/FN1/PLEK/BLK/PDPN/SYK/ABAT/ACTG1/CEACAM1/MYL12A/COMP/ALOX12/F11R/CSRP1/DMTN/C1QTNF1/ACTB/FGB/HBB,21,2278,59,15971,2.495431616,blood,***
12,2,GO:0050818,regulation of coagulation,27/2278,85/15971,3.04E-05,0.001014049,0.000885098,ENPP4/CAV1/SERPINE1/PLEK/F3/TSPAN8/BLK/THBS1/PDPN/SYK/SERPINF2/F2R/ANXA2/ABAT/CEACAM1/ALOX12/APOE/F11R/ANXA5/VKORC1/SERPINB2/PROCR/DMTN/C1QTNF1/KRT1/FGB/THBD,27,2278,85,15971,2.227015442,blood,***
12,1,GO:0008015,blood circulation,105/2278,487/15971,6.29E-06,0.000247195,0.00021576,ACSM3/ATP1A2/CYBA/HDAC4/ATP1B3/ATP2A3/TACR2/GNAO1/MYH7/ITPR3/DSP/CYB5R3/SGCG/CAV1/SLC1A1/CXCL12/P2RX1/SOD2/VEGFA/NPR3/CNR1/CASQ2/TJP2/KCNJ5/ADRA1A/SCPEP1/POPDC2/AKAP12/POSTN/AGT/BIN1/MYOF/PDE5A/SLC2A5/GRIP2/DOCK5/GPD1L/DDAH1/ATP5PF/KCNMA1/ABR/MYL3/ERAP1/ERAP2/CACNB2/AVPR1A/ANPEP/SMAD3/SERPINF2/KLK1/COL4A3/GAA/HSPB7/HOXB2/DES/KCNE3/RNPEP/AGTRAP/F2R/CAV3/ABAT/GAS6/PTP4A3/CYP4F12/BCR/CACNA1H/MYH6/TBC1D8/GSTM2/EMP2/ITGA1/GCGR/CEACAM1/CTSZ/COMP/ALOX12/RGS2/TNNT2/APOE/TPM1/F11R/ACE/S100A1/GPER1/C3AR1/TCAP/OXTR/ADRA2C/CYP4F2/CES1/SMTNL1/GPX1/EHD3/TMEM38B/PTGS1/GLP1R/CALM1/FGB/NPPA/CTNNBIP1/HBB/NTSR1/GJA1/CYP11B1/MYL2,105,2278,487,15971,1.51160642,blood,***